variant,seed,pair_update_heads,pair_update_layers,pair_update_clamp_min,pair_update_clamp_max,dropout,exit_code,status,best_valid_auc,best_test_auc,best_epoch,log_path
V1-bondpair,9,1,1,-3.0,3.0,0.0,0,ok,0.7809027777777778,0.5051975051975052,0,C:\Users\zhoutianyang\Desktop\SpecMol-Zip\SpecMol-Zip\results\bondpair_stability\h1_l1_cm3p0_3p0_d0p0_s9\run.log
V1-bondpair,19,1,1,-3.0,3.0,0.0,0,ok,0.7437500000000001,0.5107415107415108,0,C:\Users\zhoutianyang\Desktop\SpecMol-Zip\SpecMol-Zip\results\bondpair_stability\h1_l1_cm3p0_3p0_d0p0_s19\run.log
V1-bondpair,29,1,1,-3.0,3.0,0.0,0,ok,0.7175347222222221,0.4681219681219681,0,C:\Users\zhoutianyang\Desktop\SpecMol-Zip\SpecMol-Zip\results\bondpair_stability\h1_l1_cm3p0_3p0_d0p0_s29\run.log
V1-bondpair,9,1,1,-3.0,3.0,0.1,0,ok,0.7664930555555556,0.5414067914067914,0,C:\Users\zhoutianyang\Desktop\SpecMol-Zip\SpecMol-Zip\results\bondpair_stability\h1_l1_cm3p0_3p0_d0p1_s9\run.log
V1-bondpair,19,1,1,-3.0,3.0,0.1,0,ok,0.7409722222222221,0.47245322245322247,0,C:\Users\zhoutianyang\Desktop\SpecMol-Zip\SpecMol-Zip\results\bondpair_stability\h1_l1_cm3p0_3p0_d0p1_s19\run.log
V1-bondpair,29,1,1,-3.0,3.0,0.1,0,ok,0.7138888888888888,0.567047817047817,0,C:\Users\zhoutianyang\Desktop\SpecMol-Zip\SpecMol-Zip\results\bondpair_stability\h1_l1_cm3p0_3p0_d0p1_s29\run.log
V1-bondpair,9,1,1,-5.0,5.0,0.0,0,ok,0.7809027777777778,0.5051975051975052,0,C:\Users\zhoutianyang\Desktop\SpecMol-Zip\SpecMol-Zip\results\bondpair_stability\h1_l1_cm5p0_5p0_d0p0_s9\run.log
V1-bondpair,19,1,1,-5.0,5.0,0.0,0,ok,0.7437500000000001,0.5107415107415108,0,C:\Users\zhoutianyang\Desktop\SpecMol-Zip\SpecMol-Zip\results\bondpair_stability\h1_l1_cm5p0_5p0_d0p0_s19\run.log
V1-bondpair,29,1,1,-5.0,5.0,0.0,0,ok,0.7175347222222221,0.4681219681219681,0,C:\Users\zhoutianyang\Desktop\SpecMol-Zip\SpecMol-Zip\results\bondpair_stability\h1_l1_cm5p0_5p0_d0p0_s29\run.log
V1-bondpair,9,1,1,-5.0,5.0,0.1,0,ok,0.7664930555555556,0.5414067914067914,0,C:\Users\zhoutianyang\Desktop\SpecMol-Zip\SpecMol-Zip\results\bondpair_stability\h1_l1_cm5p0_5p0_d0p1_s9\run.log
V1-bondpair,19,1,1,-5.0,5.0,0.1,0,ok,0.7409722222222221,0.47245322245322247,0,C:\Users\zhoutianyang\Desktop\SpecMol-Zip\SpecMol-Zip\results\bondpair_stability\h1_l1_cm5p0_5p0_d0p1_s19\run.log
V1-bondpair,29,1,1,-5.0,5.0,0.1,0,ok,0.7138888888888888,0.567047817047817,0,C:\Users\zhoutianyang\Desktop\SpecMol-Zip\SpecMol-Zip\results\bondpair_stability\h1_l1_cm5p0_5p0_d0p1_s29\run.log
V1-bondpair,9,3,1,-3.0,3.0,0.0,0,ok,0.7354166666666667,0.439015939015939,0,C:\Users\zhoutianyang\Desktop\SpecMol-Zip\SpecMol-Zip\results\bondpair_stability\h3_l1_cm3p0_3p0_d0p0_s9\run.log
V1-bondpair,19,3,1,-3.0,3.0,0.0,0,ok,0.7475694444444445,0.4681219681219681,0,C:\Users\zhoutianyang\Desktop\SpecMol-Zip\SpecMol-Zip\results\bondpair_stability\h3_l1_cm3p0_3p0_d0p0_s19\run.log
V1-bondpair,29,3,1,-3.0,3.0,0.0,0,ok,0.7619791666666667,0.5148995148995149,0,C:\Users\zhoutianyang\Desktop\SpecMol-Zip\SpecMol-Zip\results\bondpair_stability\h3_l1_cm3p0_3p0_d0p0_s29\run.log
V1-bondpair,9,3,1,-3.0,3.0,0.1,0,ok,0.7564236111111111,0.4795564795564795,0,C:\Users\zhoutianyang\Desktop\SpecMol-Zip\SpecMol-Zip\results\bondpair_stability\h3_l1_cm3p0_3p0_d0p1_s9\run.log
V1-bondpair,19,3,1,-3.0,3.0,0.1,0,ok,0.7118055555555556,0.4466389466389467,0,C:\Users\zhoutianyang\Desktop\SpecMol-Zip\SpecMol-Zip\results\bondpair_stability\h3_l1_cm3p0_3p0_d0p1_s19\run.log
V1-bondpair,29,3,1,-3.0,3.0,0.1,0,ok,0.7498263888888889,0.47470547470547464,0,C:\Users\zhoutianyang\Desktop\SpecMol-Zip\SpecMol-Zip\results\bondpair_stability\h3_l1_cm3p0_3p0_d0p1_s29\run.log
V1-bondpair,9,3,1,-5.0,5.0,0.0,0,ok,0.7352430555555556,0.43884268884268884,0,C:\Users\zhoutianyang\Desktop\SpecMol-Zip\SpecMol-Zip\results\bondpair_stability\h3_l1_cm5p0_5p0_d0p0_s9\run.log
V1-bondpair,19,3,1,-5.0,5.0,0.0,0,ok,0.7473958333333334,0.46794871794871795,0,C:\Users\zhoutianyang\Desktop\SpecMol-Zip\SpecMol-Zip\results\bondpair_stability\h3_l1_cm5p0_5p0_d0p0_s19\run.log
V1-bondpair,29,3,1,-5.0,5.0,0.0,0,ok,0.7618055555555556,0.5148995148995149,0,C:\Users\zhoutianyang\Desktop\SpecMol-Zip\SpecMol-Zip\results\bondpair_stability\h3_l1_cm5p0_5p0_d0p0_s29\run.log
V1-bondpair,9,3,1,-5.0,5.0,0.1,0,ok,0.7567708333333334,0.47938322938322936,0,C:\Users\zhoutianyang\Desktop\SpecMol-Zip\SpecMol-Zip\results\bondpair_stability\h3_l1_cm5p0_5p0_d0p1_s9\run.log
V1-bondpair,19,3,1,-5.0,5.0,0.1,0,ok,0.7118055555555555,0.44750519750519757,0,C:\Users\zhoutianyang\Desktop\SpecMol-Zip\SpecMol-Zip\results\bondpair_stability\h3_l1_cm5p0_5p0_d0p1_s19\run.log
V1-bondpair,29,3,1,-5.0,5.0,0.1,0,ok,0.750347222222222,0.4752252252252252,0,C:\Users\zhoutianyang\Desktop\SpecMol-Zip\SpecMol-Zip\results\bondpair_stability\h3_l1_cm5p0_5p0_d0p1_s29\run.log
